For Mayor CITY OF JERSEY CITY ( 1),,,,,,,,,,,,,,,,,,,,,,,,,,,,,,,,,,,,,,,,,,,,,,,,,,
,,JOYCE E. WATTERMAN,,,,,,MUSSAB ALI,,,,,,KALKI JAYNE-ROSE,,,,,,JIM McGREEVEY,,,,,,BILL O'DEA,,,,,,JAMES SOLOMON,,,,,,CHRISTINA L. FREEMAN,,,,,,Write-In Vote,,,,,,
Precinct,Registered Voters,Election Day,Early Voting,Mail-In,Provisional,Overseas,Total Votes,Election Day,Early Voting,Mail-In,Provisional,Overseas,Total Votes,Election Day,Early Voting,Mail-In,Provisional,Overseas,Total Votes,Election Day,Early Voting,Mail-In,Provisional,Overseas,Total Votes,Election Day,Early Voting,Mail-In,Provisional,Overseas,Total Votes,Election Day,Early Voting,Mail-In,Provisional,Overseas,Total Votes,Election Day,Early Voting,Mail-In,Provisional,Overseas,Total Votes,Election Day,Early Voting,Mail-In,Provisional,Overseas,Total Votes,Total
Jersey City Ward A District 1,717,9,2,1,1,0,13,37,4,3,1,0,45,1,0,0,0,0,1,76,12,20,2,0,110,70,26,18,1,0,115,62,6,13,1,0,82,1,0,0,0,0,1,1,0,0,0,0,1,368
Jersey City Ward A District 2,1473,16,5,8,0,0,29,71,18,7,0,1,97,3,1,0,0,0,4,136,46,42,2,0,226,129,40,30,2,0,201,93,26,22,1,0,142,5,0,0,0,0,5,1,0,0,0,0,1,705
Jersey City Ward A District 3,840,6,6,1,1,0,14,40,20,9,3,0,72,1,1,0,0,0,2,37,33,19,3,0,92,71,40,12,4,0,127,23,12,4,0,0,39,2,0,0,0,0,2,0,0,0,0,0,0,348
Jersey City Ward A District 4,912,9,4,0,0,0,13,43,21,3,0,0,67,0,0,0,0,0,0,32,51,6,1,0,90,55,28,14,1,0,98,24,13,4,0,0,41,8,3,1,0,0,12,1,0,0,0,0,1,322
Jersey City Ward A District 5,892,10,6,1,1,0,18,32,15,7,2,0,56,0,0,0,0,0,0,37,45,11,2,0,95,44,34,30,1,0,109,26,32,7,0,0,65,4,1,0,0,0,5,1,0,0,0,0,1,349
Jersey City Ward A District 6,854,9,3,1,0,0,13,39,14,4,1,0,58,1,0,0,0,0,1,53,45,14,0,1,113,59,39,15,1,0,114,19,21,2,4,0,46,2,2,1,0,0,5,0,0,0,0,0,0,350
Jersey City Ward A District 7,865,12,3,3,0,0,18,43,18,2,1,0,64,0,0,0,0,0,0,52,38,14,2,0,106,63,36,14,3,0,116,30,15,12,3,1,61,2,1,0,1,0,4,1,1,0,0,0,2,371
Jersey City Ward A District 8,986,6,3,2,0,0,11,38,13,2,0,0,53,0,0,0,0,0,0,57,37,28,3,0,125,49,47,20,1,1,118,27,26,8,2,0,63,5,0,0,1,0,6,0,0,0,0,0,0,376
Jersey City Ward A District 9,678,5,4,1,0,0,10,28,11,7,3,0,49,0,0,0,0,0,0,27,18,15,4,0,64,38,15,10,0,0,63,16,3,5,0,0,24,2,4,3,0,0,9,0,0,0,0,0,0,219
Jersey City Ward A District 10,852,11,4,1,0,0,16,38,6,7,1,0,52,0,0,0,0,0,0,48,8,13,0,0,69,65,21,11,4,0,101,19,5,3,1,0,28,3,1,0,0,0,4,0,0,0,0,0,0,270
Jersey City Ward A District 11,910,10,3,1,0,0,14,39,4,5,0,0,48,1,0,0,0,0,1,51,12,14,1,0,78,57,11,8,0,0,76,22,4,0,0,0,26,4,4,0,0,0,8,2,0,0,0,0,2,253
Jersey City Ward A District 12,613,8,2,1,0,0,11,21,4,1,0,0,26,0,0,0,0,0,0,40,17,22,0,0,79,65,7,7,1,0,80,15,0,3,0,0,18,3,0,3,0,0,6,0,0,0,0,0,0,220
Jersey City Ward A District 13,656,12,3,2,0,0,17,44,2,3,1,0,50,1,0,0,0,0,1,45,16,5,2,0,68,37,14,6,0,0,57,17,5,5,0,0,27,3,1,0,0,0,4,0,0,0,0,0,0,224
Jersey City Ward A District 14,961,16,3,4,0,0,23,31,10,5,0,0,46,1,1,0,0,0,2,55,18,13,5,0,91,58,9,9,1,0,77,26,7,7,0,0,40,5,2,0,0,0,7,0,0,0,0,0,0,286
Jersey City Ward A District 15,859,13,8,5,0,0,26,34,20,2,1,0,57,0,0,0,0,0,0,58,38,19,2,0,117,48,15,11,1,0,75,15,6,4,2,0,27,6,1,1,0,0,8,2,0,0,0,0,2,312
Jersey City Ward A District 16,888,13,0,5,0,0,18,29,8,2,0,0,39,1,0,0,0,0,1,89,14,22,2,0,127,71,15,7,1,0,94,53,2,8,2,0,65,2,0,0,0,0,2,0,0,0,0,0,0,346
Jersey City Ward A District 17,861,22,7,2,2,0,33,43,12,5,3,0,63,3,0,0,0,0,3,38,25,25,5,0,93,52,11,7,4,0,74,19,12,6,0,0,37,9,0,2,1,0,12,0,0,0,0,0,0,315
Jersey City Ward A District 18,884,9,3,0,0,0,12,36,11,6,2,0,55,1,0,0,0,0,1,50,27,12,1,0,90,44,8,1,1,0,54,20,6,2,1,0,29,9,0,0,0,0,9,0,0,0,0,0,0,250
Jersey City Ward A District 19,783,18,6,3,0,0,27,26,4,2,2,0,34,0,0,0,0,0,0,28,15,4,1,0,48,61,27,9,6,0,103,12,5,2,0,0,19,8,2,0,0,0,10,0,0,0,0,0,0,241
Jersey City Ward A District 20,811,11,4,1,0,0,16,48,12,3,0,0,63,3,1,0,0,0,4,68,15,4,2,0,89,63,21,7,0,0,91,20,7,3,0,0,30,8,1,0,0,0,9,0,0,0,0,0,0,302
Jersey City Ward A District 21,891,15,4,8,1,0,28,33,5,2,1,0,41,0,0,0,0,0,0,58,19,13,8,0,98,78,29,8,4,0,119,9,5,4,1,0,19,4,1,0,0,0,5,1,2,0,0,0,3,313
Jersey City Ward A District 22,789,18,6,1,2,0,27,32,6,2,2,0,42,1,0,0,0,0,1,29,9,7,2,0,47,56,13,11,0,0,80,14,5,0,1,0,20,5,1,1,0,0,7,0,0,1,0,0,1,225
Jersey City Ward A District 23,1056,10,6,3,2,0,21,43,12,8,4,0,67,0,0,0,0,0,0,60,27,17,2,0,106,70,27,14,4,0,115,31,20,3,0,0,54,4,0,0,0,0,4,1,0,0,0,0,1,368
Jersey City Ward A District 24,716,7,4,1,1,0,13,38,7,4,2,0,51,1,1,0,0,0,2,43,20,14,3,0,80,42,15,9,2,0,68,22,2,4,0,0,28,7,0,0,0,0,7,1,1,0,0,0,2,251
Jersey City Ward A District 25,879,13,5,5,0,0,23,38,9,9,0,0,56,0,0,0,0,0,0,48,18,11,0,0,77,45,17,1,2,0,65,13,7,4,2,0,26,5,1,0,0,0,6,1,1,0,0,0,2,255
Jersey City Ward A District 26,977,23,5,4,0,1,33,56,5,5,2,0,68,0,1,0,0,0,1,61,15,5,1,0,82,60,21,7,1,0,89,30,7,3,0,0,40,6,1,1,1,0,9,1,2,0,0,0,3,325
Jersey City Ward A District 27,1079,26,5,4,1,0,36,40,10,6,2,0,58,2,0,0,0,0,2,68,18,24,3,1,114,58,17,21,1,0,97,25,6,7,0,0,38,4,3,1,1,0,9,2,1,0,0,0,3,357
Jersey City Ward A District 28,769,16,0,4,0,0,20,25,4,0,0,0,29,2,0,0,0,0,2,39,19,13,2,0,73,34,11,13,3,0,61,22,2,3,1,0,28,10,0,0,0,0,10,0,0,0,0,0,0,223
Jersey City Ward A District 29,887,13,5,4,0,0,22,25,11,2,1,0,39,1,0,0,0,0,1,49,16,26,6,0,97,52,26,17,1,0,96,19,10,5,0,0,34,8,2,2,0,0,12,0,0,0,0,0,0,301
Jersey City Ward A District 30,1274,13,1,2,1,0,17,51,5,9,1,0,66,2,0,0,0,0,2,138,23,35,4,1,201,83,10,17,4,0,114,104,19,23,3,0,149,5,0,2,0,0,7,2,0,0,0,0,2,558
Jersey City Ward A District 31,1027,12,3,3,0,0,18,34,15,7,1,0,57,0,0,0,0,0,0,73,20,12,2,0,107,71,18,11,0,0,100,86,34,27,2,0,149,2,2,1,0,0,5,0,0,0,0,0,0,436
Jersey City Ward A District 32,1802,18,7,2,1,0,28,85,50,10,2,0,147,0,0,0,0,0,0,69,41,11,0,0,121,64,48,12,3,0,127,151,82,38,3,0,274,9,3,0,1,0,13,2,0,0,0,0,2,712
Jersey City Ward A District 33,958,8,4,2,0,0,14,45,21,6,0,0,72,0,0,0,0,0,0,56,27,11,3,0,97,60,22,8,2,0,92,45,17,18,1,0,81,7,0,0,0,0,7,0,0,0,0,0,0,363
Jersey City Ward A District 34,872,8,4,0,0,0,12,36,9,1,1,0,47,0,0,0,0,0,0,51,18,16,2,0,87,52,17,4,1,0,74,54,18,8,2,0,82,5,0,0,1,0,6,0,0,1,0,0,1,309
Jersey City Ward B District 1,944,9,5,2,0,0,16,41,22,2,0,0,65,0,0,0,0,0,0,36,47,12,3,0,98,46,38,15,5,1,105,23,19,4,0,0,46,0,1,0,0,0,1,3,0,0,0,0,3,334
Jersey City Ward B District 2,1378,6,3,1,1,0,11,79,31,7,5,0,122,0,1,0,0,0,1,89,45,17,2,0,153,88,50,12,3,0,153,32,20,10,2,0,64,5,0,0,0,0,5,0,1,0,0,0,1,510
Jersey City Ward B District 3,805,7,1,2,0,0,10,35,9,5,1,0,50,0,0,0,0,0,0,49,11,11,1,0,72,53,24,13,5,0,95,24,16,6,2,0,48,1,0,0,1,0,2,0,0,0,0,0,0,277
Jersey City Ward B District 4,1320,10,4,2,0,0,16,55,13,7,1,1,77,1,0,0,0,0,1,96,28,24,6,0,154,61,23,15,2,0,101,38,13,5,4,0,60,5,0,0,0,0,5,3,1,0,0,0,4,418
Jersey City Ward B District 5,867,6,2,1,0,0,9,24,10,6,4,0,44,0,0,0,0,0,0,122,32,33,1,0,188,109,34,34,1,0,178,27,8,7,2,0,44,5,0,0,0,0,5,0,0,0,0,0,0,468
Jersey City Ward B District 6,1252,10,4,1,0,0,15,69,21,5,4,0,99,0,0,0,0,0,0,54,15,13,1,0,83,109,35,17,5,0,166,52,21,13,1,0,87,8,2,2,0,0,12,1,0,0,0,0,1,463
Jersey City Ward B District 7,907,13,4,1,1,0,19,47,17,0,0,0,64,1,0,0,0,0,1,27,18,8,0,0,53,59,19,3,0,0,81,22,5,2,0,0,29,4,1,1,0,0,6,1,0,0,0,0,1,254
Jersey City Ward B District 8,899,12,4,3,0,0,19,47,12,3,2,0,64,0,0,0,0,0,0,51,20,10,3,0,84,64,32,13,3,0,112,35,6,5,1,0,47,4,2,0,0,0,6,2,0,0,1,0,3,335
Jersey City Ward B District 9,1001,9,5,5,1,0,20,40,8,4,11,0,63,1,1,0,0,0,2,49,19,15,10,0,93,86,36,20,10,1,153,28,15,4,5,0,52,5,1,1,1,0,8,1,0,0,0,0,1,392
Jersey City Ward B District 10,988,10,7,2,0,0,19,59,16,4,0,0,79,0,0,0,0,0,0,44,30,9,1,0,84,51,37,13,1,0,102,19,4,2,0,0,25,2,0,2,0,0,4,1,0,0,0,0,1,314
Jersey City Ward B District 11,713,12,2,1,0,0,15,20,12,3,0,0,35,0,0,0,0,0,0,31,16,6,0,0,53,33,11,8,0,0,52,14,2,4,1,0,21,3,4,0,0,0,7,0,0,0,0,0,0,183
Jersey City Ward B District 12,1421,23,9,1,0,0,33,87,22,8,1,0,118,1,0,0,0,0,1,56,28,17,0,0,101,74,65,28,2,0,169,47,23,7,0,0,77,6,1,0,0,0,7,1,0,0,0,0,1,507
Jersey City Ward B District 13,892,8,2,1,1,0,12,39,15,2,2,0,58,0,0,0,0,0,0,41,26,10,3,0,80,59,28,12,0,0,99,16,15,8,1,0,40,1,1,0,0,0,2,1,0,0,0,0,1,292
Jersey City Ward B District 14,986,7,3,2,1,0,13,45,20,7,1,0,73,0,1,0,0,0,1,40,27,18,3,0,88,40,48,19,5,0,112,17,3,6,1,0,27,4,1,0,0,0,5,2,1,0,0,0,3,322
Jersey City Ward B District 15,990,5,2,0,1,0,8,48,16,9,5,0,78,1,0,0,0,0,1,40,27,12,1,0,80,69,42,14,9,0,134,29,15,4,3,0,51,3,1,0,0,0,4,0,0,0,0,0,0,356
Jersey City Ward B District 16,939,8,5,1,0,0,14,38,21,6,0,0,65,0,0,0,0,0,0,39,26,13,1,0,79,44,47,14,1,0,106,14,15,5,0,0,34,4,6,0,0,0,10,0,0,0,0,0,0,308
Jersey City Ward B District 17,832,3,3,1,0,0,7,38,18,4,3,0,63,2,0,0,0,0,2,32,26,16,4,0,78,65,50,18,0,0,133,15,4,4,0,0,23,0,0,0,0,0,0,0,1,1,0,0,2,308
Jersey City Ward B District 18,802,5,0,3,0,0,8,27,30,9,0,0,66,1,0,0,0,0,1,34,41,7,1,0,83,42,48,7,1,0,98,16,10,4,0,0,30,2,1,0,0,0,3,0,0,0,0,0,0,289
Jersey City Ward B District 19,797,7,4,0,1,0,12,40,35,7,0,0,82,0,0,0,0,0,0,13,26,9,1,0,49,44,62,28,1,0,135,13,42,16,3,0,74,1,0,0,1,0,2,0,0,0,0,0,0,354
Jersey City Ward B District 20,759,14,0,2,1,0,17,49,20,4,1,0,74,2,0,0,0,0,2,40,10,4,1,0,55,48,22,12,2,0,84,31,11,2,0,0,44,2,1,0,0,0,3,1,0,0,0,0,1,280
Jersey City Ward B District 21,1344,12,4,0,0,0,16,95,26,0,4,0,125,2,1,1,0,0,4,53,33,7,1,0,94,91,44,12,5,0,152,34,14,4,1,0,53,6,2,0,0,0,8,0,0,0,0,0,0,452
Jersey City Ward B District 22,697,4,2,0,0,0,6,57,21,2,0,0,80,1,0,0,0,0,1,31,11,7,0,0,49,43,31,4,0,0,78,19,13,4,0,0,36,1,0,0,0,0,1,0,0,0,0,0,0,251
Jersey City Ward B District 23,1094,7,5,3,1,0,16,72,27,4,6,0,109,0,1,0,0,0,1,31,21,11,3,0,66,78,32,18,4,0,132,57,27,9,4,0,97,4,0,0,0,0,4,0,0,0,0,0,0,425
Jersey City Ward B District 24,802,12,3,0,0,0,15,48,7,3,0,0,58,2,0,0,0,0,2,27,7,9,2,0,45,42,26,20,3,0,91,36,16,3,0,0,55,3,0,1,0,0,4,0,0,0,0,0,0,270
Jersey City Ward B District 25,593,3,2,1,0,0,6,46,8,3,1,0,58,1,0,0,0,0,1,43,14,5,1,0,63,49,6,1,2,0,58,21,7,4,0,0,32,2,1,0,0,0,3,0,0,0,0,0,0,221
Jersey City Ward B District 26,923,8,1,3,1,0,13,48,13,11,1,0,73,0,0,0,0,0,0,52,13,12,0,0,77,89,20,16,2,0,127,40,15,12,3,0,70,10,0,1,0,0,11,0,0,0,0,0,0,371
Jersey City Ward B District 27,933,6,3,1,1,0,11,50,12,9,5,0,76,0,0,0,0,0,0,28,27,17,12,0,84,58,34,17,6,0,115,27,20,18,2,0,67,6,1,0,0,0,7,0,0,0,0,0,0,360
Jersey City Ward B District 28,792,6,1,3,0,0,10,61,16,6,0,0,83,0,0,0,0,0,0,29,10,11,0,0,50,51,14,13,0,0,78,45,21,7,1,0,74,6,1,1,0,0,8,0,0,0,0,0,0,303
Jersey City Ward B District 29,366,1,1,0,0,0,2,7,4,0,0,1,12,0,0,0,0,0,0,12,2,4,0,0,18,18,2,7,1,0,28,20,8,7,0,0,35,2,0,0,0,0,2,0,0,0,0,0,0,97
Jersey City Ward B District 30,360,4,3,0,1,0,8,20,1,3,2,0,26,2,0,0,0,0,2,15,5,4,4,0,28,15,5,3,1,0,24,14,3,1,3,0,21,5,0,0,0,0,5,0,1,0,0,0,1,115
Jersey City Ward B District 31,1133,20,1,2,0,0,23,68,22,9,1,0,100,2,0,0,0,0,2,43,16,11,1,0,71,50,18,12,0,0,80,38,24,9,0,0,71,7,3,0,0,0,10,0,0,0,0,0,0,357
Jersey City Ward B District 32A,103,4,0,1,0,0,5,6,0,0,1,0,7,0,0,0,0,0,0,7,2,6,0,0,15,2,1,3,0,0,6,8,1,1,0,0,10,1,1,0,0,0,2,0,0,0,0,0,0,45
Jersey City Ward B District 32B,991,11,5,1,0,0,17,36,9,4,4,0,53,2,0,1,0,0,3,35,3,9,3,0,50,25,11,4,1,0,41,50,19,18,7,0,94,2,0,1,0,0,3,0,0,0,0,0,0,261
Jersey City Ward B District 33A,71,1,0,0,0,0,1,6,1,2,1,0,10,0,0,0,0,0,0,2,1,0,0,0,3,5,0,1,1,0,7,11,0,2,0,0,13,0,0,0,0,0,0,0,0,0,0,0,0,34
Jersey City Ward B District 33B,370,4,0,0,0,0,4,9,7,2,0,0,18,0,0,0,0,0,0,15,2,5,1,0,23,12,4,5,0,0,21,10,9,2,0,0,21,4,0,0,0,0,4,0,0,1,0,0,1,92
Jersey City Ward C District 1,737,4,0,0,1,0,5,76,59,7,5,0,147,0,0,0,0,0,0,20,21,4,2,0,47,28,16,5,1,0,50,18,7,3,1,0,29,0,2,0,0,0,2,1,0,0,0,0,1,281
Jersey City Ward C District 2,193,5,0,0,0,0,5,18,16,3,2,0,39,0,0,0,0,0,0,7,2,1,1,0,11,1,13,0,0,0,14,1,1,1,0,0,3,0,0,0,0,0,0,0,0,0,0,0,0,72
Jersey City Ward C District 3,981,4,3,2,0,0,9,37,32,4,0,0,73,3,0,0,0,0,3,31,31,5,2,0,69,50,30,6,2,0,88,22,9,0,0,0,31,8,2,0,0,0,10,0,1,0,0,0,1,284
Jersey City Ward C District 4,590,3,1,0,1,0,5,45,23,4,1,0,73,0,1,0,0,0,1,22,40,12,0,0,74,8,20,12,1,0,41,5,10,0,1,1,17,1,0,1,1,0,3,1,1,1,0,0,3,217
Jersey City Ward C District 5,804,8,1,1,0,0,10,58,15,8,2,0,83,0,0,0,0,0,0,30,25,15,1,0,71,20,11,12,4,0,47,30,38,19,1,0,88,3,0,0,0,0,3,0,1,0,0,0,1,303
Jersey City Ward C District 6,554,2,0,0,0,0,2,40,8,1,2,0,51,0,0,0,0,0,0,47,9,8,2,0,66,41,3,6,0,0,50,19,4,4,0,0,27,3,1,0,0,0,4,1,0,0,0,0,1,201
Jersey City Ward C District 7,1142,5,3,1,0,0,9,77,26,5,15,0,123,0,0,0,0,0,0,48,16,17,15,0,96,44,17,9,9,0,79,23,12,17,9,0,61,2,0,0,1,0,3,0,0,0,0,0,0,371
Jersey City Ward C District 8,875,5,0,2,0,0,7,49,33,8,5,0,95,1,0,0,0,0,1,42,5,7,2,0,56,23,9,5,0,0,37,29,9,6,0,0,44,1,0,0,0,0,1,0,0,0,0,0,0,241
Jersey City Ward C District 9,1223,3,3,0,0,0,6,69,29,11,4,0,113,2,0,0,0,0,2,66,17,25,3,0,111,53,19,9,0,0,81,84,24,18,1,0,127,4,0,2,0,0,6,1,1,0,0,0,2,448
Jersey City Ward C District 10,915,5,0,1,0,0,6,68,24,4,1,0,97,0,0,0,0,0,0,64,22,18,5,0,109,38,11,12,1,0,62,48,14,12,2,0,76,3,0,0,0,0,3,0,0,0,0,0,0,353
Jersey City Ward C District 11,933,8,1,1,1,0,11,56,13,7,2,0,78,0,0,0,0,0,0,52,16,21,3,0,92,42,8,17,3,0,70,52,18,14,3,0,87,3,3,2,0,0,8,1,0,0,0,0,1,347
Jersey City Ward C District 12,837,3,2,1,0,1,7,53,21,7,2,0,83,1,0,0,0,0,1,52,17,8,1,0,78,33,10,4,0,0,47,25,16,2,3,0,46,2,0,0,0,0,2,0,0,0,0,0,0,264
Jersey City Ward C District 13,573,0,1,0,0,0,1,51,66,11,10,0,138,0,0,0,0,0,0,17,23,4,4,0,48,9,11,1,1,0,22,9,12,5,4,0,30,0,0,1,0,0,1,0,0,0,0,0,0,240
Jersey City Ward C District 14,1310,10,6,1,0,0,17,71,40,4,9,0,124,0,0,1,0,0,1,45,22,11,4,0,82,38,24,8,0,0,70,49,29,8,0,0,86,2,5,0,0,0,7,2,0,0,0,0,2,389
Jersey City Ward C District 15,996,6,1,0,0,0,7,57,16,3,3,0,79,0,0,0,0,0,0,57,24,20,6,0,107,46,17,15,4,0,82,95,35,32,6,0,168,2,0,4,0,0,6,1,0,0,0,0,1,450
Jersey City Ward C District 16,1005,5,3,4,0,0,12,62,12,11,3,0,88,1,1,0,0,0,2,66,25,22,1,1,115,40,12,8,3,0,63,84,29,25,3,0,141,2,0,0,0,0,2,1,0,0,0,0,1,424
Jersey City Ward C District 17,1041,5,3,1,0,0,9,74,15,3,3,0,95,0,0,0,0,0,0,44,27,3,4,0,78,45,26,12,2,0,85,37,9,6,2,0,54,7,0,0,0,0,7,0,0,0,1,0,1,329
Jersey City Ward C District 18,634,5,0,0,1,0,6,51,5,9,3,0,68,0,0,0,0,0,0,50,11,5,0,0,66,24,13,5,0,0,42,17,4,8,0,0,29,4,0,0,0,0,4,1,0,0,0,0,1,216
Jersey City Ward C District 19,905,2,1,3,0,0,6,71,22,11,2,0,106,0,0,0,1,0,1,45,15,17,2,0,79,36,10,3,0,0,49,38,8,8,0,0,54,3,0,0,0,0,3,0,0,0,0,0,0,298
Jersey City Ward C District 20,1022,5,1,0,0,0,6,42,16,9,0,0,67,0,0,0,0,0,0,50,9,15,2,0,76,36,18,13,0,0,67,38,25,8,3,0,74,3,2,0,0,0,5,2,0,0,0,0,2,297
Jersey City Ward C District 21,1081,6,1,1,1,0,9,34,9,8,6,0,57,1,0,1,0,0,2,53,17,13,1,0,84,47,9,4,6,0,66,59,20,4,6,0,89,3,1,0,0,0,4,1,0,0,0,0,1,312
Jersey City Ward C District 22,1215,6,5,5,1,0,17,44,17,6,8,0,75,2,0,0,0,0,2,80,29,42,8,0,159,55,35,21,2,0,113,76,31,16,7,0,130,5,3,0,1,0,9,0,0,0,0,0,0,505
Jersey City Ward C District 23,818,16,2,2,1,0,21,43,6,10,3,0,62,1,0,0,0,0,1,72,15,14,1,0,102,53,11,12,1,0,77,35,17,6,2,0,60,5,2,0,0,0,7,0,0,0,0,0,0,330
Jersey City Ward C District 24,765,3,1,0,0,0,4,37,19,5,0,0,61,1,1,0,0,0,2,66,21,22,1,0,110,21,9,2,0,0,32,23,17,6,0,0,46,3,0,0,0,0,3,0,0,0,0,0,0,258
Jersey City Ward C District 25,722,1,0,2,1,0,4,46,13,4,4,0,67,1,0,0,0,0,1,68,24,13,2,0,107,18,11,6,2,0,37,31,12,5,0,0,48,1,0,0,0,0,1,0,0,1,0,0,1,266
Jersey City Ward C District 26,759,4,0,1,1,0,6,18,11,4,2,0,35,0,0,0,0,0,0,45,48,18,5,0,116,22,27,7,1,0,57,20,40,7,2,0,69,2,1,0,0,0,3,0,0,0,0,0,0,286
Jersey City Ward C District 27,973,3,1,1,0,0,5,55,15,8,1,0,79,2,0,0,0,0,2,79,34,6,1,0,120,44,26,6,2,0,78,65,48,15,5,0,133,5,2,0,0,0,7,1,0,0,0,0,1,425
Jersey City Ward C District 28,809,3,0,0,0,0,3,30,25,4,5,2,66,2,0,0,0,0,2,61,51,18,5,0,135,25,10,5,1,0,41,56,40,6,3,0,105,2,0,1,0,0,3,0,0,0,0,0,0,355
Jersey City Ward C District 29,974,4,1,1,0,0,6,66,32,10,4,0,112,0,0,0,0,0,0,57,38,12,2,0,109,21,22,8,1,0,52,39,34,24,1,0,98,2,0,0,0,0,2,0,0,0,0,0,0,379
Jersey City Ward C District 30,1088,16,1,2,0,0,19,80,24,7,9,0,120,1,0,0,0,0,1,61,26,21,8,0,116,38,17,10,3,0,68,49,16,11,5,0,81,2,0,0,0,0,2,2,0,0,0,0,2,409
Jersey City Ward C District 31,824,3,1,1,0,0,5,41,10,7,0,0,58,2,1,0,0,0,3,60,17,16,0,0,93,21,5,8,0,0,34,37,19,18,2,0,76,0,1,0,0,0,1,0,0,0,0,0,0,270
Jersey City Ward D District 1,1428,19,1,3,0,0,23,29,7,6,1,0,43,0,0,0,0,0,0,72,27,34,1,0,134,32,13,8,0,0,53,88,41,25,3,0,157,4,0,1,0,0,5,1,0,0,0,0,1,416
Jersey City Ward D District 2,478,2,1,1,0,0,4,16,5,6,0,0,27,0,0,0,0,0,0,12,13,14,3,0,42,14,7,3,1,3,28,24,23,23,3,2,75,0,0,1,0,0,1,0,0,0,0,0,0,177
Jersey City Ward D District 3,1493,16,7,3,0,0,26,42,15,2,3,0,62,0,1,0,0,0,1,67,23,2,5,0,97,27,6,6,1,0,40,72,26,13,2,0,113,1,1,0,0,0,2,0,0,0,0,0,0,341
Jersey City Ward D District 4,1282,8,6,2,1,0,17,48,34,7,6,0,95,3,0,0,0,0,3,48,53,22,2,0,125,48,23,9,3,0,83,77,53,21,8,0,159,2,3,0,0,0,5,1,0,0,0,0,1,488
Jersey City Ward D District 5,991,6,4,3,0,0,13,44,30,5,1,0,80,0,0,0,0,0,0,48,20,12,0,0,80,39,16,7,0,0,62,92,53,23,3,1,172,1,0,0,0,0,1,0,1,0,0,0,1,409
Jersey City Ward D District 6,971,4,2,0,1,0,7,61,14,6,3,0,84,0,0,0,0,0,0,72,22,14,1,0,109,29,25,7,3,0,64,75,36,17,5,0,133,3,0,1,0,0,4,1,0,0,0,0,1,402
Jersey City Ward D District 7,1078,10,2,0,0,0,12,68,17,11,2,0,98,1,1,0,0,0,2,52,28,11,1,0,92,32,21,8,1,0,62,101,41,25,2,0,169,2,1,1,0,0,4,0,0,0,0,0,0,439
Jersey City Ward D District 8,874,4,4,0,2,0,10,47,22,7,0,0,76,3,0,0,0,0,3,49,48,10,4,0,111,37,16,5,1,0,59,42,31,14,3,0,90,2,1,0,0,0,3,2,0,0,0,0,2,354
Jersey City Ward D District 9,1115,6,4,2,1,0,13,53,26,7,2,0,88,1,0,0,0,0,1,52,70,22,1,0,145,46,19,9,2,0,76,43,40,19,0,1,103,6,0,0,0,0,6,1,0,0,0,0,1,433
Jersey City Ward D District 10,856,5,2,0,0,0,7,24,27,3,0,0,54,1,1,0,0,0,2,55,39,8,5,0,107,33,29,9,1,0,72,48,47,8,2,0,105,3,3,0,1,0,7,1,0,0,0,0,1,355
Jersey City Ward D District 11,756,4,1,0,0,0,5,22,16,11,1,0,50,0,0,0,0,0,0,45,27,10,1,0,83,25,22,9,2,0,58,30,11,4,1,0,46,1,0,0,0,0,1,0,0,0,0,0,0,243
Jersey City Ward D District 12,746,2,0,0,0,0,2,64,15,3,4,0,86,2,0,0,0,0,2,69,18,8,5,0,100,28,10,4,1,0,43,21,11,9,1,0,42,5,0,0,0,0,5,1,0,0,0,0,1,281
Jersey City Ward D District 13,743,4,1,1,0,0,6,45,9,2,0,0,56,2,0,0,0,0,2,62,10,7,0,0,79,31,7,4,1,0,43,44,5,5,0,0,54,1,1,0,0,0,2,0,0,0,0,0,0,242
Jersey City Ward D District 14,1030,10,1,1,0,0,12,60,9,5,1,0,75,2,0,0,0,0,2,62,23,10,3,0,98,60,18,5,2,0,85,52,8,4,1,0,65,3,0,0,0,0,3,1,1,0,0,0,2,342
Jersey City Ward D District 15,914,2,1,1,1,0,5,38,13,3,2,0,56,2,0,0,0,0,2,54,17,10,2,0,83,33,11,4,1,0,49,47,20,6,3,0,76,3,1,1,0,0,5,0,0,0,0,0,0,276
Jersey City Ward D District 16,726,4,1,0,0,0,5,41,22,7,1,0,71,1,0,0,0,0,1,69,15,4,1,0,89,23,9,2,1,0,35,36,25,11,1,1,74,2,1,1,0,0,4,1,1,0,0,0,2,281
Jersey City Ward D District 17,808,7,4,1,0,0,12,47,25,2,1,0,75,0,0,0,0,0,0,41,43,10,1,0,95,33,11,4,0,0,48,31,29,11,2,0,73,1,2,0,0,0,3,2,0,0,0,0,2,308
Jersey City Ward D District 18,823,6,4,4,1,0,15,46,18,7,0,0,71,0,0,0,0,0,0,52,15,17,2,0,86,30,16,6,3,0,55,48,30,16,4,2,100,5,2,3,0,0,10,1,0,0,0,0,1,338
Jersey City Ward D District 19,914,3,3,0,0,0,6,45,28,5,5,0,83,2,0,0,0,0,2,62,32,3,7,0,104,33,13,3,0,0,49,35,28,10,0,0,73,1,2,1,0,0,4,0,0,0,0,0,0,321
Jersey City Ward D District 20,985,8,0,2,0,0,10,26,14,4,2,0,46,1,0,0,0,0,1,49,42,24,3,0,118,28,21,17,2,0,68,40,32,10,2,0,84,1,2,1,0,0,4,1,0,0,0,0,1,332
Jersey City Ward D District 21,912,8,0,0,0,0,8,42,11,4,2,0,59,2,1,0,0,0,3,70,35,11,0,0,116,28,14,7,0,0,49,49,22,10,1,0,82,2,1,2,0,0,5,1,0,0,0,0,1,323
Jersey City Ward D District 22,842,5,2,0,0,0,7,60,19,2,0,0,81,3,0,0,0,0,3,73,22,10,0,0,105,57,16,6,0,0,79,50,24,10,2,0,86,7,0,1,0,0,8,0,0,0,0,0,0,369
Jersey City Ward D District 23,887,3,1,0,1,0,5,68,24,6,1,0,99,2,0,0,0,0,2,62,21,8,0,0,91,38,3,10,0,0,51,90,33,21,2,1,147,5,0,1,0,0,6,1,0,0,0,0,1,402
Jersey City Ward D District 24,1140,8,1,2,0,0,11,50,22,13,2,0,87,0,0,0,0,0,0,66,18,13,2,0,99,42,13,7,1,0,63,122,64,20,2,0,208,1,0,0,0,0,1,0,0,0,0,0,0,469
Jersey City Ward D District 25,925,4,1,1,0,0,6,44,12,4,0,0,60,1,0,0,0,0,1,56,7,16,1,0,80,38,12,8,1,0,59,84,31,14,3,0,132,5,0,0,0,0,5,0,0,0,0,0,0,343
Jersey City Ward D District 26,858,6,1,0,0,0,7,55,21,4,1,1,82,1,0,1,0,0,2,58,15,3,1,0,77,45,24,7,1,0,77,60,31,27,2,0,120,4,1,0,0,0,5,0,0,0,0,0,0,370
Jersey City Ward D District 27,836,3,1,0,0,0,4,47,15,7,2,0,71,0,1,0,0,0,1,73,15,17,2,0,107,29,16,12,0,0,57,54,10,15,4,0,83,5,0,0,0,0,5,0,0,0,0,0,0,328
Jersey City Ward D District 28,992,7,1,0,0,0,8,28,9,5,2,0,44,1,0,0,0,0,1,76,24,20,3,0,123,36,23,19,1,0,79,36,8,6,1,0,51,6,1,0,0,0,7,0,0,0,0,0,0,313
Jersey City Ward D District 29,846,4,5,3,1,0,13,33,10,5,3,0,51,3,1,0,0,0,4,55,18,10,1,0,84,30,20,6,1,0,57,38,25,7,2,0,72,1,2,0,0,0,3,0,0,0,0,0,0,284
Jersey City Ward D District 30,846,5,0,0,0,0,5,40,13,2,1,0,56,2,0,0,0,0,2,66,25,11,2,0,104,37,13,8,3,0,61,37,19,9,7,0,72,2,3,0,1,0,6,1,0,0,0,0,1,307
Jersey City Ward D District 31,652,3,0,1,0,0,4,34,8,4,3,0,49,0,0,1,0,0,1,40,33,14,0,1,88,25,8,11,0,0,44,12,18,6,0,0,36,0,0,0,0,0,0,0,0,0,0,0,0,222
Jersey City Ward E District 1,989,9,0,3,1,0,13,13,5,3,1,0,22,1,0,0,0,0,1,63,18,15,3,0,99,33,13,3,1,0,50,72,35,24,5,0,136,3,1,0,0,0,4,0,0,0,0,0,0,325
Jersey City Ward E District 2,1146,13,2,2,1,0,18,28,14,5,3,0,50,1,0,0,0,0,1,62,22,9,2,0,95,39,13,5,1,0,58,113,47,47,7,0,214,4,2,0,0,0,6,2,0,0,0,0,2,444
Jersey City Ward E District 3,1165,14,0,0,1,0,15,18,8,8,3,0,37,0,0,0,0,0,0,44,11,3,2,0,60,18,8,1,1,0,28,78,41,22,3,0,144,2,0,0,1,0,3,1,1,0,0,0,2,289
Jersey City Ward E District 4,400,2,0,0,1,0,3,5,9,2,0,0,16,1,0,0,0,0,1,13,15,3,2,0,33,11,14,3,5,0,33,30,24,22,3,0,79,0,0,0,0,0,0,0,0,0,0,0,0,165
Jersey City Ward E District 5,1235,3,2,3,1,0,9,35,30,3,1,0,69,0,0,0,0,0,0,35,22,13,1,0,71,28,27,10,1,0,66,116,126,53,4,0,299,0,0,0,0,0,0,0,0,0,0,0,0,514
Jersey City Ward E District 6,1288,14,2,0,0,1,17,44,16,2,3,1,66,2,0,1,0,0,3,50,33,17,1,0,101,36,20,4,2,0,62,144,116,48,8,0,316,3,3,0,0,0,6,1,0,0,0,0,1,572
Jersey City Ward E District 7,896,6,1,3,1,0,11,25,10,2,5,0,42,1,0,0,0,0,1,44,11,2,9,0,66,25,7,2,2,0,36,84,37,21,8,0,150,1,0,0,0,0,1,0,0,0,0,0,0,307
Jersey City Ward E District 8,1599,10,3,1,0,0,14,41,13,6,3,0,63,0,0,0,0,0,0,65,35,22,4,0,126,36,19,9,2,0,66,151,75,53,7,0,286,1,1,0,0,0,2,0,0,0,0,0,0,557
Jersey City Ward E District 9,792,5,2,0,0,0,7,23,6,2,1,0,32,0,0,0,0,0,0,31,14,4,0,0,49,19,12,3,1,0,35,69,44,42,1,0,156,1,0,0,0,0,1,0,0,0,0,0,0,280
Jersey City Ward E District 10,1673,7,5,3,0,0,15,50,23,6,1,0,80,0,0,0,0,0,0,45,41,15,1,0,102,30,23,8,0,0,61,96,75,48,2,0,221,2,1,0,0,0,3,1,0,0,0,0,1,483
Jersey City Ward E District 11,943,9,2,1,0,0,12,28,13,8,2,0,51,0,0,0,0,0,0,36,18,9,2,0,65,22,18,9,2,0,51,84,67,35,4,0,190,1,1,0,0,0,2,1,0,2,0,0,3,374
Jersey City Ward E District 12,972,2,1,1,0,0,4,23,17,4,2,0,46,0,0,0,0,0,0,52,39,4,1,0,96,31,26,7,5,0,69,113,68,34,5,1,221,1,0,1,0,0,2,1,0,0,0,0,1,439
Jersey City Ward E District 13,880,4,0,1,1,0,6,29,8,3,2,1,43,0,0,0,0,0,0,49,16,7,5,0,77,29,20,9,1,0,59,142,68,30,9,0,249,1,1,0,1,0,3,1,1,0,0,0,2,439
Jersey City Ward E District 14,979,5,3,1,0,0,9,27,19,4,1,0,51,0,0,0,0,0,0,27,22,5,3,1,58,25,9,6,3,0,43,118,97,60,7,0,282,2,1,0,0,0,3,0,0,0,0,0,0,446
Jersey City Ward E District 15,1128,7,3,0,0,0,10,35,8,6,3,0,52,0,0,0,0,0,0,48,35,11,4,0,98,47,12,5,1,0,65,198,104,52,5,2,361,2,1,0,0,0,3,0,0,0,0,0,0,589
Jersey City Ward E District 16,1182,8,0,1,0,0,9,35,14,2,0,0,51,1,0,0,0,0,1,38,28,10,2,0,78,22,19,8,1,0,50,220,95,74,3,0,392,1,1,0,0,0,2,1,0,0,0,0,1,584
Jersey City Ward E District 17,1244,6,1,1,0,0,8,39,7,2,0,2,50,0,0,0,0,0,0,58,17,9,2,0,86,42,13,5,2,1,63,271,103,72,8,0,454,5,1,0,0,0,6,1,0,0,0,0,1,668
Jersey City Ward E District 18,1164,4,1,1,0,0,6,45,18,11,0,0,74,1,0,0,0,0,1,53,9,8,2,0,72,47,9,8,1,0,65,228,85,43,2,0,358,3,0,1,1,0,5,2,0,0,0,0,2,583
Jersey City Ward E District 19,570,3,4,1,0,0,8,17,6,1,2,0,26,0,0,0,0,0,0,15,6,8,2,0,31,11,6,7,1,0,25,92,56,14,6,0,168,0,0,0,1,0,1,1,0,0,0,0,1,260
Jersey City Ward E District 20,979,8,2,3,1,0,14,37,5,6,2,0,50,1,0,0,0,0,1,41,24,8,2,0,75,33,14,11,1,0,59,194,77,53,5,0,329,0,0,1,0,0,1,1,0,0,0,0,1,530
Jersey City Ward E District 21,805,3,1,1,0,0,5,32,6,1,4,0,43,0,0,0,0,0,0,47,19,9,1,1,77,38,10,6,3,0,57,153,49,53,7,0,262,1,0,0,0,0,1,0,2,1,0,0,3,448
Jersey City Ward E District 22,760,7,3,1,0,0,11,20,9,4,1,0,34,0,0,0,0,0,0,32,13,4,1,0,50,29,5,5,1,1,41,52,49,22,2,0,125,4,1,1,0,0,6,1,0,0,0,0,1,268
Jersey City Ward E District 23,1153,9,1,0,0,0,10,24,9,4,3,0,40,0,0,0,0,0,0,56,24,22,3,0,105,42,12,6,1,0,61,184,64,44,5,0,297,3,1,2,0,0,6,1,0,0,0,0,1,520
Jersey City Ward E District 24,993,8,2,0,0,0,10,20,7,8,1,0,36,0,1,0,0,0,1,29,12,7,0,0,48,18,10,4,1,0,33,77,54,26,4,2,163,4,2,0,0,0,6,0,1,0,0,0,1,298
Jersey City Ward E District 25,598,3,0,0,1,0,4,8,3,1,1,0,13,1,0,0,0,0,1,21,2,7,3,0,33,15,1,3,0,0,19,61,16,12,4,0,93,2,0,1,0,0,3,0,0,1,0,0,1,167
Jersey City Ward E District 26,1281,14,4,0,0,0,18,39,8,4,0,0,51,1,0,1,0,0,2,68,14,10,0,0,92,26,5,1,0,0,32,107,15,26,1,0,149,5,0,0,0,0,5,0,0,0,0,0,0,349
Jersey City Ward E District 27,537,7,2,2,0,0,11,8,5,3,1,0,17,0,0,0,0,0,0,19,5,2,1,0,27,9,9,0,0,0,18,43,9,8,1,0,61,1,1,1,0,0,3,1,0,0,0,0,1,138
Jersey City Ward F District 1,970,18,5,5,0,0,28,21,7,2,0,0,30,0,0,0,0,0,0,38,22,14,3,0,77,36,28,13,0,0,77,14,9,9,0,0,32,2,6,0,0,0,8,0,0,0,0,0,0,252
Jersey City Ward F District 2,754,16,8,2,0,0,26,24,6,1,2,0,33,0,0,0,0,0,0,26,19,5,0,0,50,27,5,2,3,0,37,11,13,3,0,0,27,8,1,0,0,0,9,1,0,0,0,0,1,183
Jersey City Ward F District 3,870,23,2,3,0,0,28,16,11,2,0,0,29,0,0,0,0,0,0,47,15,9,1,0,72,55,16,5,2,0,78,31,9,4,3,0,47,2,3,0,0,0,5,1,0,0,0,0,1,260
Jersey City Ward F District 4,925,21,2,0,1,0,24,31,4,1,2,0,38,1,0,0,0,0,1,44,12,8,1,0,65,72,12,10,0,0,94,24,9,5,1,0,39,10,2,1,0,0,13,3,0,0,0,0,3,277
Jersey City Ward F District 5,958,12,1,3,0,0,16,41,7,2,2,0,52,1,0,0,0,0,1,58,19,7,1,0,85,49,12,8,0,0,69,32,14,7,0,0,53,4,1,1,0,0,6,0,0,0,0,0,0,282
Jersey City Ward F District 6,948,14,4,2,1,0,21,33,11,2,2,0,48,1,0,0,0,0,1,63,18,9,3,0,93,65,21,5,3,0,94,33,6,6,2,0,47,7,0,0,0,0,7,1,0,0,0,0,1,312
Jersey City Ward F District 7,899,17,3,1,0,0,21,37,3,4,2,0,46,0,0,0,0,0,0,40,14,3,2,0,59,53,8,2,2,0,65,12,9,3,1,0,25,6,2,1,0,0,9,2,1,0,0,0,3,228
Jersey City Ward F District 8,798,10,6,4,0,0,20,26,8,1,1,0,36,0,0,0,0,0,0,32,22,4,1,0,59,30,11,2,0,0,43,20,20,5,2,0,47,4,1,0,0,0,5,0,0,0,0,0,0,210
Jersey City Ward F District 9,932,11,14,2,2,0,29,40,7,7,1,0,55,0,1,0,0,0,1,42,13,11,3,0,69,38,18,10,2,0,68,21,19,4,7,0,51,5,3,1,0,0,9,1,0,0,0,0,1,283
Jersey City Ward F District 10,1067,16,8,4,0,0,28,44,9,5,0,0,58,2,0,0,0,0,2,52,14,18,0,0,84,71,20,9,0,0,100,34,20,16,1,0,71,9,2,0,0,0,11,0,0,0,0,0,0,354
Jersey City Ward F District 11,920,21,5,1,0,0,27,46,15,4,1,0,66,1,0,0,0,0,1,55,26,12,0,0,93,45,22,6,0,0,73,23,13,4,0,0,40,6,2,0,0,0,8,0,0,0,0,0,0,308
Jersey City Ward F District 12,925,16,8,9,0,0,33,40,13,2,0,0,55,0,0,0,0,0,0,21,9,16,1,0,47,45,22,20,1,0,88,40,11,2,0,0,53,6,1,0,0,0,7,0,0,0,0,0,0,283
Jersey City Ward F District 13,756,8,0,2,0,0,10,29,9,3,0,0,41,0,0,0,0,0,0,45,8,4,0,0,57,40,14,4,0,0,58,25,18,2,0,0,45,5,0,1,0,0,6,0,0,0,0,0,0,217
Jersey City Ward F District 14,1099,22,3,1,2,0,28,40,15,8,0,0,63,0,0,0,0,0,0,65,18,12,4,0,99,67,12,8,4,0,91,54,18,4,2,0,78,8,0,0,1,0,9,1,1,0,0,0,2,370
Jersey City Ward F District 15,907,16,6,6,0,0,28,27,11,3,4,2,47,1,0,0,0,0,1,40,8,8,1,0,57,64,19,8,2,0,93,61,9,7,1,0,78,4,0,0,0,0,4,0,1,1,0,0,2,310
Jersey City Ward F District 16,952,9,5,3,1,0,18,62,12,4,3,1,82,2,0,0,0,0,2,56,15,9,5,0,85,44,19,5,4,0,72,61,19,12,2,0,94,9,1,1,0,0,11,2,0,0,0,0,2,366
Jersey City Ward F District 17,1177,16,3,4,0,0,23,65,18,9,1,0,93,2,0,0,0,0,2,50,25,15,4,0,94,61,11,11,5,0,88,66,12,14,2,0,94,8,1,2,1,0,12,1,1,0,0,0,2,408
Jersey City Ward F District 18,892,10,3,0,0,0,13,50,8,2,5,0,65,0,0,0,0,0,0,35,12,8,3,0,58,27,12,6,3,0,48,22,6,6,1,0,35,7,1,0,1,0,9,0,0,0,0,0,0,228
Jersey City Ward F District 19,1026,11,2,2,3,0,18,66,11,7,4,0,88,0,0,0,0,0,0,94,11,6,0,0,111,82,24,14,2,0,122,59,8,10,0,0,77,9,0,0,0,0,9,0,0,0,0,0,0,425
Jersey City Ward F District 20,671,4,2,3,0,0,9,46,15,4,0,0,65,0,0,0,0,0,0,23,9,12,1,0,45,35,11,8,0,0,54,43,15,8,0,0,66,6,0,0,0,0,6,0,0,0,0,0,0,245
Jersey City Ward F District 21,879,11,0,1,0,0,12,24,0,4,3,0,31,1,0,0,0,0,1,53,14,16,2,0,85,82,13,7,5,0,107,33,3,1,1,0,38,2,1,1,1,0,5,1,0,0,0,0,1,280
Jersey City Ward F District 22,1249,10,3,0,0,0,13,52,20,7,0,0,79,0,0,0,0,0,0,44,26,16,2,0,88,53,16,8,1,0,78,146,97,37,1,2,283,3,0,2,0,0,5,3,0,1,0,0,4,550
Jersey City Ward F District 23,662,5,1,0,0,0,6,17,13,2,2,0,34,0,0,0,0,0,0,22,16,8,1,0,47,17,7,10,1,0,35,72,62,39,1,1,175,1,0,0,0,0,1,0,0,0,0,0,0,298
Jersey City Ward F District 24,1113,8,1,3,0,0,12,28,15,5,0,0,48,0,0,0,0,0,0,53,22,15,0,0,90,45,21,12,2,0,80,109,73,49,5,0,236,5,0,1,0,0,6,0,1,0,0,0,1,473
Jersey City Ward F District 25,1045,3,0,1,0,0,4,19,18,4,0,0,41,0,0,0,0,0,0,35,26,18,1,0,80,14,22,9,0,0,45,108,98,55,2,1,264,0,0,0,0,0,0,0,0,0,0,0,0,434
Jersey City Ward F District 26,1244,5,4,0,1,0,10,20,18,6,0,0,44,0,0,0,0,0,0,26,41,19,0,0,86,24,20,7,1,0,52,81,105,67,2,2,257,2,0,1,0,0,3,0,0,0,0,0,0,452
Jersey City Ward F District 27,1086,9,3,0,0,0,12,26,9,3,1,0,39,0,1,0,0,0,1,46,24,8,2,0,80,24,16,10,10,0,60,81,42,20,2,0,145,4,0,1,0,0,5,1,0,0,0,0,1,343
Jersey City Ward F District 28,975,3,1,0,0,0,4,16,19,10,9,1,55,1,0,0,0,0,1,33,24,14,6,0,77,23,13,15,8,0,59,92,83,22,8,0,205,2,1,0,0,0,3,0,0,0,0,0,0,404
Jersey City Ward F District 29,983,4,5,1,0,0,10,16,9,10,2,0,37,0,0,0,0,0,0,38,19,17,1,1,76,25,18,6,2,0,51,109,80,49,3,1,242,1,1,1,0,0,3,0,0,0,0,0,0,419
Jersey City Ward F District 30,804,5,2,2,0,0,9,26,14,1,3,1,45,0,0,0,0,0,0,36,14,10,2,0,62,20,16,6,0,0,42,84,48,24,1,1,158,2,1,0,0,0,3,2,0,0,0,0,2,321
Jersey City Ward F District 31,1029,5,2,1,0,0,8,33,8,8,2,0,51,0,0,0,0,0,0,43,15,11,3,1,73,36,12,16,1,1,66,135,73,42,9,1,260,1,1,0,0,0,2,2,0,0,0,0,2,462
Jersey City Ward F District 32,855,7,2,4,0,1,14,15,15,11,0,0,41,0,0,0,0,0,0,32,11,10,0,0,53,19,6,5,1,0,31,74,45,33,1,0,153,4,2,0,0,0,6,1,0,0,0,0,1,299
Jersey City Ward F District 33,979,3,0,1,0,0,4,19,13,5,0,0,37,0,0,0,0,0,0,40,26,18,2,0,86,18,12,11,1,0,42,87,53,38,3,0,181,2,2,3,0,0,7,0,0,0,0,0,0,357
Jersey City Ward F District 34,930,1,3,0,1,0,5,6,2,3,1,0,12,0,0,0,0,0,0,36,19,15,3,0,73,10,6,3,5,0,24,54,35,22,14,0,125,2,1,0,0,0,3,0,0,0,0,0,0,242
Total:,177010,1616,507,299,65,4,2491,7732,2809,947,374,15,11877,129,24,8,1,0,162,9273,4151,2365,421,9,16219,8159,3578,1760,338,9,13844,10257,5243,2886,428,24,18838,673,178,81,23,0,955,110,30,12,2,0,154,64540